<?xml version='1.1' encoding='UTF-8'?>
<project>
  <actions/>
  <description></description>
  <keepDependencies>false</keepDependencies>
  <properties>
    <hudson.model.ParametersDefinitionProperty>
      <parameterDefinitions>
        <hudson.model.ChoiceParameterDefinition>
          <name>Host_Machine</name>
          <description></description>
          <choices class="java.util.Arrays$ArrayList">
            <a class="string-array">
              <string>10.203.34.64</string>
              <string>10.203.34.48</string>
              <string>10.203.34.75</string>
            </a>
          </choices>
        </hudson.model.ChoiceParameterDefinition>
        <hudson.model.ChoiceParameterDefinition>
          <name>Instance_Name</name>
          <description></description>
          <choices class="java.util.Arrays$ArrayList">
            <a class="string-array">
              <string>Solartis_PL</string>
              <string>Solartis_PLV3</string>
              <string>Solartis_CPF</string>
            </a>
          </choices>
        </hudson.model.ChoiceParameterDefinition>
        <hudson.model.StringParameterDefinition>
          <name>Server_Group</name>
          <description></description>
          <defaultValue></defaultValue>
          <trim>false</trim>
        </hudson.model.StringParameterDefinition>
        <hudson.model.StringParameterDefinition>
          <name>Heap_size</name>
          <description></description>
          <defaultValue>1024m</defaultValue>
          <trim>false</trim>
        </hudson.model.StringParameterDefinition>
        <hudson.model.StringParameterDefinition>
          <name>Groupname</name>
          <description></description>
          <defaultValue></defaultValue>
          <trim>false</trim>
        </hudson.model.StringParameterDefinition>
        <hudson.model.StringParameterDefinition>
          <name>Loadbalancer</name>
          <description></description>
          <defaultValue></defaultValue>
          <trim>false</trim>
        </hudson.model.StringParameterDefinition>
        <hudson.model.StringParameterDefinition>
          <name>Nodename</name>
          <description></description>
          <defaultValue></defaultValue>
          <trim>false</trim>
        </hudson.model.StringParameterDefinition>
        <hudson.model.StringParameterDefinition>
          <name>JWS_IP</name>
          <description></description>
          <defaultValue></defaultValue>
          <trim>false</trim>
        </hudson.model.StringParameterDefinition>
        <hudson.model.StringParameterDefinition>
          <name>Domain_Name</name>
          <description></description>
          <defaultValue></defaultValue>
          <trim>false</trim>
        </hudson.model.StringParameterDefinition>
        <hudson.model.ChoiceParameterDefinition>
          <name>JWS_Service</name>
          <description></description>
          <choices class="java.util.Arrays$ArrayList">
            <a class="string-array">
              <string>solartis-plkb-jws</string>
            </a>
          </choices>
        </hudson.model.ChoiceParameterDefinition>
      </parameterDefinitions>
    </hudson.model.ParametersDefinitionProperty>
  </properties>
  <scm class="hudson.scm.NullSCM"/>
  <canRoam>true</canRoam>
  <disabled>false</disabled>
  <blockBuildWhenDownstreamBuilding>false</blockBuildWhenDownstreamBuilding>
  <blockBuildWhenUpstreamBuilding>false</blockBuildWhenUpstreamBuilding>
  <triggers/>
  <concurrentBuild>false</concurrentBuild>
  <builders>
    <org.jenkinsci.plugins.ansible.AnsiblePlaybookBuilder plugin="ansible@1.0">
      <playbook>/opt/QA_Migration/ansible/Server_Group.yml</playbook>
      <inventory class="org.jenkinsci.plugins.ansible.InventoryPath">
        <path>/opt/QA_Migration/ansible/hosts</path>
      </inventory>
      <ansibleName>ansible</ansibleName>
      <limit>${Host_Machine}</limit>
      <tags></tags>
      <skippedTags></skippedTags>
      <startAtTask></startAtTask>
      <credentialsId>97427ff0-316c-48b5-8b6f-4cb45e99e5c2</credentialsId>
      <vaultCredentialsId></vaultCredentialsId>
      <become>false</become>
      <becomeUser>root</becomeUser>
      <sudo>true</sudo>
      <sudoUser>ansible</sudoUser>
      <forks>5</forks>
      <unbufferedOutput>true</unbufferedOutput>
      <colorizedOutput>false</colorizedOutput>
      <disableHostKeyChecking>true</disableHostKeyChecking>
      <additionalParameters></additionalParameters>
      <copyCredentialsInWorkspace>false</copyCredentialsInWorkspace>
      <extraVars>
        <org.jenkinsci.plugins.ansible.ExtraVar>
          <key>Instance_Name</key>
          <value>${Instance_Name}</value>
          <hidden>false</hidden>
        </org.jenkinsci.plugins.ansible.ExtraVar>
        <org.jenkinsci.plugins.ansible.ExtraVar>
          <key>Server_Group</key>
          <value>${Server_Group}</value>
          <hidden>false</hidden>
        </org.jenkinsci.plugins.ansible.ExtraVar>
        <org.jenkinsci.plugins.ansible.ExtraVar>
          <key>Heap_size</key>
          <value>${Heap_size}</value>
          <hidden>false</hidden>
        </org.jenkinsci.plugins.ansible.ExtraVar>
        <org.jenkinsci.plugins.ansible.ExtraVar>
          <key>Groupname</key>
          <value>${Groupname}</value>
          <hidden>false</hidden>
        </org.jenkinsci.plugins.ansible.ExtraVar>
        <org.jenkinsci.plugins.ansible.ExtraVar>
          <key>Loadbalancer</key>
          <value>${Loadbalancer}</value>
          <hidden>false</hidden>
        </org.jenkinsci.plugins.ansible.ExtraVar>
        <org.jenkinsci.plugins.ansible.ExtraVar>
          <key>Nodename</key>
          <value>${Nodename}</value>
          <hidden>false</hidden>
        </org.jenkinsci.plugins.ansible.ExtraVar>
        <org.jenkinsci.plugins.ansible.ExtraVar>
          <key>JWS_IP</key>
          <value>${JWS_IP}</value>
          <hidden>false</hidden>
        </org.jenkinsci.plugins.ansible.ExtraVar>
        <org.jenkinsci.plugins.ansible.ExtraVar>
          <key>Domain_Name</key>
          <value>${Domain_Name}</value>
          <hidden>false</hidden>
        </org.jenkinsci.plugins.ansible.ExtraVar>
        <org.jenkinsci.plugins.ansible.ExtraVar>
          <key>JWS_Service</key>
          <value>${JWS_Service}</value>
          <hidden>false</hidden>
        </org.jenkinsci.plugins.ansible.ExtraVar>
      </extraVars>
    </org.jenkinsci.plugins.ansible.AnsiblePlaybookBuilder>
  </builders>
  <publishers/>
  <buildWrappers/>
</project>